time_s,PhaseA_V,PhaseB_V,PhaseC_V,Torque_Nm
0.000000000000000000e+00,-5.460533806940969903e+00,-2.225814737838859969e+02,2.366099543215009930e+02,1.895216939975140069e-01
7.499999999999999343e-05,1.770457912400420053e+00,-2.149840726676259806e+02,2.114106600055879994e+02,6.613236245669990021e-01
1.499999999999999869e-04,9.001449631741799351e+00,-2.073866715513659926e+02,1.862113656896760006e+02,1.750577408434639937e+00
2.249999999999999938e-04,2.864458536188400117e+01,-2.000495421037120138e+02,1.448757874719869960e+02,-8.796892424881379569e-01
2.999999999999999737e-04,6.705983286071639782e+01,-1.947323090374059973e+02,1.195380161835600035e+02,-1.174326837933520107e+00
3.750000000000000078e-04,9.628865411575080202e+01,-2.085973863089060103e+02,1.106636266402960018e+02,-3.685761605814120156e-01
4.499999999999999877e-04,1.067980955486629995e+02,-2.158997057514500000e+02,1.075515855644869987e+02,-5.980879265601349859e-01
5.249999999999999676e-04,1.104307133380820005e+02,-2.108692648690530120e+02,9.991457368168718745e+01,9.567709607602820077e-01
5.999999999999999474e-04,1.186642969631329976e+02,-1.954416284781250113e+02,7.022143972726419747e+01,1.230435930322409943e+00
6.750000000000000357e-04,1.427632436949689918e+02,-2.006241686333819700e+02,3.207603807405409668e+01,-1.655029149250849985e+00
7.500000000000000156e-04,1.798640677040750120e+02,-2.059345969330040020e+02,9.343150222238168823e+00,-3.606487223007500131e-01
8.250000000000001039e-04,2.096581212010109994e+02,-2.156558559108489987e+02,1.691876213142750052e+00,2.213678093219419996e-01
8.999999999999999754e-04,2.152184136311520035e+02,-2.124456919167049875e+02,-1.141591413094110052e+00,4.921619592565070200e-01
9.749999999999999552e-04,2.083154839969610066e+02,-1.884415260158999956e+02,-7.520369326327790205e+00,1.613239877951879953e+00
1.049999999999999935e-03,2.010879786980910069e+02,-1.490416646977060111e+02,-2.509386386451669892e+01,-4.294157529428260234e-01
1.124999999999999915e-03,1.945159544094520072e+02,-1.212657688176559958e+02,-6.130640075552420143e+01,-1.386389872342999929e+00
1.199999999999999895e-03,2.074833654494470068e+02,-1.113255970393319814e+02,-9.489034562117470273e+01,-2.195329429560189949e-01
1.275000000000000092e-03,2.159297062002100063e+02,-1.079850774340700070e+02,-1.061543990253219931e+02,-3.667428800703390057e-01
1.350000000000000071e-03,2.118527021706809990e+02,-1.011389088378739984e+02,-1.103641235672699992e+02,7.216763686531569855e-01
1.425000000000000051e-03,1.959611224797810110e+02,-7.407550606763378198e+01,-1.165425642400550004e+02,1.784051456407820035e+00
1.500000000000000031e-03,1.995992206719670037e+02,-3.611590984987609687e+01,-1.396708019733470110e+02,-1.475210230349599971e+00
1.575000000000000011e-03,2.054680201272419993e+02,-1.086785641490340026e+01,-1.768043525794379889e+02,-5.919207948271080211e-01
1.650000000000000208e-03,2.150199807623249910e+02,-2.470373014262780220e+00,-2.071867894582150029e+02,-1.093946155596930026e-03
1.724999999999999971e-03,2.141712429248240142e+02,8.651235696562530331e-01,-2.161161769027820014e+02,-9.249394766290429740e-03
1.799999999999999951e-03,1.917659428137930036e+02,6.386885825840529662e+00,-2.087400974110240099e+02,1.776981858543080106e+00
1.874999999999999931e-03,1.523113540318109926e+02,2.239295138193280010e+01,-2.008409053257350081e+02,-8.817895867133730692e-02
1.949999999999999910e-03,1.232122552267339870e+02,5.741364074333159806e+01,-1.945141144444379790e+02,-1.564375663879209899e+00
2.024999999999999890e-03,1.118296001146109973e+02,9.263418588286539546e+01,-2.053866809222840004e+02,-1.556402352191879959e-02
2.099999999999999870e-03,1.081101851564099974e+02,1.057605516660320006e+02,-2.158747121466369947e+02,-1.008068785206719942e-01
2.174999999999999850e-03,1.023044878477600008e+02,1.095644668907749804e+02,-2.127567044048199989e+02,5.393911481702799993e-01
2.249999999999999830e-03,7.857285998438270269e+01,1.152499869833749955e+02,-1.974308222483919906e+02,1.840687895800509954e+00
2.324999999999999810e-03,4.017500335156130120e+01,1.361442504812239918e+02,-1.983866380351649923e+02,-1.349579416380189967e+00
2.399999999999999790e-03,1.264687292669379914e+01,1.710181524221200107e+02,-2.035929100525640081e+02,-7.750821411151369578e-01
2.475000000000000203e-03,3.069254425865919345e+00,2.049941155691469987e+02,-2.137686095170220142e+02,-1.849473484742109874e-01
2.550000000000000183e-03,-6.827369478223930255e-01,2.159482092981540120e+02,-2.137440144115510066e+02,-1.386495675073569911e-01
2.625000000000000163e-03,-5.407891545396630306e+00,2.103995644130839651e+02,-1.982207287261759916e+02,1.508849503784440049e+00
2.700000000000000143e-03,-1.985520776682020028e+01,2.014547891105590054e+02,-1.565201104938429921e+02,3.047543444935270074e-01
2.775000000000000123e-03,-5.295052076246769701e+01,1.950152263108880106e+02,-1.262750391298719848e+02,-1.680598699100589899e+00
2.850000000000000103e-03,-8.952891815245949658e+01,2.029249286462099917e+02,-1.125451908855380054e+02,-2.931943382860420153e-02
2.925000000000000083e-03,-1.049196080239800040e+02,2.150699113065319921e+02,-1.083114994998369980e+02,1.343060885899499957e-01
3.000000000000000062e-03,-1.096871675060440054e+02,2.144569435592410116e+02,-1.032369759624260013e+02,6.434361432476409792e-01
3.075000000000000042e-03,-1.137506907405589942e+02,1.998761634311339890e+02,-8.323948968268709336e+01,1.772638911433940034e+00
3.150000000000000022e-03,-1.332879039158729597e+02,1.978895014644049866e+02,-4.430685714741370163e+01,-1.148821065001129904e+00
3.225000000000000002e-03,-1.662176514245180101e+02,2.027233560726249948e+02,-1.457441131247129995e+01,-1.030413178422340037e+00
3.300000000000000416e-03,-2.026406170014599866e+02,2.131016042839659690e+02,-3.380321974475459790e+00,-3.418201118209410194e-01
3.374999999999999528e-03,-2.168452939681760085e+02,2.165605823064259994e+02,2.130834022936090033e-01,-7.073379514074440433e-01
3.449999999999999942e-03,-2.110465801087179898e+02,1.991205474975839991e+02,4.426385423662580365e+00,1.373873046166059986e+00
3.524999999999999922e-03,-2.018896801532279994e+02,1.611577220570609654e+02,1.699796105525210166e+01,8.707250830481449988e-01
3.599999999999999901e-03,-1.979157541617369986e+02,1.290920805556739879e+02,4.905581653179189772e+01,-1.750294868216889954e+00
3.674999999999999881e-03,-2.002741112578609943e+02,1.130967495828219995e+02,8.588360829667669805e+01,-1.251617426949490075e-01
3.749999999999999861e-03,-2.134666771850590123e+02,1.082288189640560034e+02,1.033693254563810058e+02,2.398782495974939866e-01
3.824999999999999841e-03,-2.155405949540200083e+02,1.041987993784070028e+02,1.091653474005040039e+02,5.855965602917490020e-01
3.899999999999999821e-03,-2.007091662013189932e+02,8.643927946995160028e+01,1.134134545986899951e+02,1.782866193855590087e+00
3.975000000000000235e-03,-1.970444770549260056e+02,4.852376055082859807e+01,1.295674327029169888e+02,-7.058878438865969773e-01
4.049999999999999781e-03,-2.019042051129439983e+02,1.672143630431959949e+01,1.616498684043170044e+02,-1.183776216849180107e+00
4.125000000000000194e-03,-2.125140352290119949e+02,4.501905794971339247e+00,2.012222032156599880e+02,-2.468971662661040012e-01
4.199999999999999740e-03,-2.165514646389979987e+02,5.238640792271100077e-02,2.158695755444319673e+02,-7.513203040263880528e-01
4.275000000000000154e-03,-2.027673722720550131e+02,-3.631603729736069930e+00,2.125248057222929674e+02,1.067950657656530078e+00
4.349999999999999700e-03,-1.647921745249109904e+02,-1.500647954362150038e+01,2.019502989161140079e+02,1.291494402075080039e+00
4.425000000000000114e-03,-1.320650230010859900e+02,-4.569942708417189436e+01,1.984178284175229976e+02,-1.628298709720999993e+00
4.499999999999999660e-03,-1.137403792259109849e+02,-8.223715771061699797e+01,1.983848039461400106e+02,-3.308249764424009975e-01
4.575000000000000074e-03,-1.089081753202609946e+02,-1.025640470038590024e+02,2.138774846273950061e+02,1.435276305462790114e-01
4.649999999999999620e-03,-1.041510103454289862e+02,-1.088314111911760023e+02,2.147381782038580127e+02,7.174225313151939565e-01
4.725000000000000033e-03,-9.038962677894539866e+01,-1.121691708630159923e+02,2.032263038835330065e+02,1.711742775758199997e+00
4.799999999999999580e-03,-5.288267444483000190e+01,-1.266790578981839985e+02,1.955188764220719975e+02,-4.058221718108460108e-01
4.874999999999999993e-03,-1.925966367328259565e+01,-1.571387386916150035e+02,2.008287010967009962e+02,-1.378342110867200043e+00
4.950000000000000407e-03,-5.229191814463129973e+00,-1.974300562568330122e+02,2.118238467893420136e+02,-2.214518869393020117e-01
5.025000000000010361e-03,-5.352261795380880427e-01,-2.147763545699079941e+02,2.156270252188049881e+02,-3.711070915287850158e-01
5.100000000000009907e-03,3.224697080974240126e+00,-2.141372963058739742e+02,2.063082073121989879e+02,6.523919917895669718e-01
5.175000000000010321e-03,1.329724444406160089e+01,-2.023954930801439787e+02,1.704065647714689931e+02,1.733626280152879895e+00
5.250000000000009867e-03,4.074981598240230340e+01,-1.988887716154329723e+02,1.351136833029489992e+02,-1.504215419051760039e+00
5.325000000000010281e-03,7.907283882845709400e+01,-1.972509474173969863e+02,1.149407330400289879e+02,-5.390633906421889998e-01
5.400000000000009827e-03,1.011535356389489948e+02,-2.122288108566060032e+02,1.092388809110709929e+02,-3.111138115301720006e-02
5.475000000000010240e-03,1.082842671726040038e+02,-2.150867626032599844e+02,1.054105795077019962e+02,3.275710595254570090e-01
5.550000000000009787e-03,1.120340273204720063e+02,-2.061939052914420074e+02,9.329560214814678432e+01,1.635457227882509912e+00
5.625000000000010200e-03,1.241466250175989927e+02,-1.959603172352819911e+02,5.736963845547229823e+01,-4.346977388110710022e-02
5.700000000000009746e-03,1.531325387749729714e+02,-2.006464952044269978e+02,2.197627355707129837e+01,-1.523992781615360004e+00
5.775000000000011027e-03,1.936810569563380113e+02,-2.102730081548329792e+02,5.943298678267409763e+00,-1.582573465842030125e-01
5.850000000000009706e-03,2.139743841402859914e+02,-2.162372858729569600e+02,6.823931796758520019e-01,-2.979321761328380114e-01
5.925000000000009252e-03,2.147870490962170038e+02,-2.080063147620240045e+02,-2.515342133377899803e+00,6.866302662395840084e-01
6.000000000000009666e-03,2.036345623500909596e+02,-1.749192930471579928e+02,-1.176328276435179987e+01,1.897154080788149955e+00
6.075000000000010079e-03,2.003863089120499978e+02,-1.384612518565980110e+02,-3.576590754807870098e+01,-1.309296585929220047e+00
6.150000000000009626e-03,1.964419061088269700e+02,-1.161372909203449950e+02,-7.544369111558049212e+01,-7.974061095562009482e-01
6.225000000000010039e-03,2.111225278614469971e+02,-1.094409867168100021e+02,-9.906536435477079294e+01,-2.493888092623559871e-01
6.300000000000009585e-03,2.148258471934639999e+02,-1.055281933041879938e+02,-1.076056307026709788e+02,-8.993373764060949571e-02
6.375000000000009999e-03,2.079495735397889860e+02,-9.627149737120940642e+01,-1.117956323990910050e+02,1.573506101020200054e+00
6.450000000000010413e-03,1.944617666606069974e+02,-6.144983311466729958e+01,-1.216381611978089978e+02,3.911059604521689992e-01
6.525000000000009959e-03,2.015932522924360057e+02,-2.506698043594419900e+01,-1.505040884867109980e+02,-1.618301674769929921e+00
6.600000000000010372e-03,2.087127368725950021e+02,-7.101084716850669665e+00,-1.897088415464060063e+02,-2.405119432343909985e-02
6.675000000000009918e-03,2.162290965303969870e+02,-1.226626031620339896e+00,-2.125105767492989912e+02,6.538294278138659377e-02
6.750000000000010332e-03,2.095141150640399985e+02,2.091098479224399842e+00,-2.152021439649379886e+02,8.362785134965690093e-01
6.825000000000020287e-03,1.792430023393499994e+02,1.029029373411760062e+01,-2.054121465707139862e+02,1.863100368890939995e+00
6.900000000000019833e-03,1.415322483585470081e+02,3.223763496292610142e+01,-1.997766067213709960e+02,-1.159108470861760054e+00
6.975000000000020246e-03,1.175584817191970046e+02,7.207273832804320080e+01,-1.956786156919980044e+02,-1.012827628322580109e+00
7.050000000000019793e-03,1.100835183853439929e+02,9.757574243528820546e+01,-2.093298564221499873e+02,-4.629237934766040063e-01
7.125000000000020206e-03,1.069475824361270071e+02,1.073075627337340023e+02,-2.165119785549669871e+02,-5.962020380805780340e-01
7.200000000000019752e-03,9.768873253418909997e+01,1.108373342047890020e+02,-2.085330964071650044e+02,1.360193395378930026e+00
7.275000000000020166e-03,6.564624299567020671e+01,1.198994223775419954e+02,-1.943322113168420060e+02,8.470509249677740105e-01
7.350000000000019712e-03,2.852244973279890061e+01,1.460436016174309657e+02,-2.003737283266939926e+02,-1.655018343009990067e+00
7.425000000000020126e-03,8.223866022357329442e+00,1.846996441407370071e+02,-2.072522580399810010e+02,-1.339129919851310135e-01
7.499999999999999722e-03,1.666819935120749996e+00,2.107597023231639639e+02,-2.139596097101789667e+02,1.994946224090239917e-01
7.575000000000000136e-03,-1.793199833887890060e+00,2.151341255343279784e+02,-2.117814416001820064e+02,6.613236245618629994e-01
7.649999999999999682e-03,-9.001449631288089392e+00,2.073866715510259837e+02,-1.862113656893579616e+02,1.750577408363370058e+00
7.725000000000000096e-03,-2.864458536195769867e+01,2.000495421046919944e+02,-1.448757874733450137e+02,-8.796892424801630028e-01
7.799999999999999642e-03,-6.705983286114459929e+01,1.947323090374140122e+02,-1.195380161829040020e+02,-1.174326837929559941e+00
7.875000000000000056e-03,-9.628865411518827955e+01,2.085973863081239585e+02,-1.106636266400380038e+02,-3.685761605979129829e-01
7.950000000000000469e-03,-1.067980955480569918e+02,2.158997057513309983e+02,-1.075515855647280006e+02,-5.980879266364970137e-01
8.024999999999999148e-03,-1.104307133387879816e+02,2.108692648694709817e+02,-9.991457368149029605e+01,9.567709607307609554e-01
8.099999999999999561e-03,-1.186642969634399947e+02,1.954416284784070115e+02,-7.022143972766680520e+01,1.230435930323769966e+00
8.174999999999999975e-03,-1.427632436950229931e+02,2.006241686332649863e+02,-3.207603807362369963e+01,-1.655029149252420062e+00
8.250000000000000389e-03,-1.798640677035859881e+02,2.059345969326460022e+02,-9.343150222404689842e+00,-3.606487223605590042e-01
8.325000000000000802e-03,-2.096581212013319941e+02,2.156558559111990121e+02,-1.691876213392909944e+00,2.213678091888059973e-01
8.399999999999999481e-03,-2.152184136306169933e+02,2.124456919163729651e+02,1.141591413064140026e+00,4.921619592220999873e-01
8.475000000000010303e-03,-2.083154839961840139e+02,1.884415260150680069e+02,7.520369325951420159e+00,1.613239877949399936e+00
8.550000000000008982e-03,-2.010879786993100140e+02,1.490416646988959997e+02,2.509386386504920097e+01,-4.294157529841229892e-01
8.625000000000009395e-03,-1.945159544098760023e+02,1.212657688175289934e+02,6.130640075617289142e+01,-1.386389872333070095e+00
8.700000000000009809e-03,-2.074833654490070103e+02,1.113255970392930010e+02,9.489034562060109579e+01,-2.195329429571699908e-01
8.775000000000010222e-03,-2.159297061993329976e+02,1.079850774334069996e+02,1.061543990246509992e+02,-3.667428800743249839e-01
8.850000000000010636e-03,-2.118527021718469996e+02,1.011389088390269961e+02,1.103641235679310029e+02,7.216763685551960128e-01
8.925000000000009315e-03,-1.959611224799010074e+02,7.407550606744510446e+01,1.165425642402310018e+02,1.784051456358850096e+00
9.000000000000009728e-03,-1.995992206709529739e+02,3.611590984918329639e+01,1.396708019727199996e+02,-1.475210230391160060e+00
9.075000000000010142e-03,-2.054680201277820117e+02,1.086785641537929870e+01,1.768043525797789925e+02,-5.919207948254080476e-01
9.150000000000010555e-03,-2.150199807621749812e+02,2.470373014072199780e+00,2.071867894582579765e+02,-1.093946160947819896e-03
9.225000000000009234e-03,-2.141712429255429981e+02,-8.651235695011919580e-01,2.161161769030589994e+02,-9.249394764327199814e-03
9.300000000000009648e-03,-1.917659428136730071e+02,-6.386885825978199982e+00,2.087400974111739913e+02,1.776981858548740023e+00
9.375000000000010061e-03,-1.523627160438290105e+02,-2.236953520327379863e+01,2.009216448202529932e+02,-8.721640936464700178e-02
9.450000000000010475e-03,-1.231608932140039911e+02,-5.743705692191179679e+01,1.944333749493979724e+02,-1.564375663882199952e+00
9.525000000000009154e-03,-1.118296001148679863e+02,-9.263418588262258879e+01,2.053866809223850112e+02,-1.556402352241039941e-02
9.600000000000009567e-03,-1.081101851573159962e+02,-1.057605516668599819e+02,2.158747121476109783e+02,-1.008068785159249997e-01
9.675000000000009981e-03,-1.023044878469719947e+02,-1.095644668899449954e+02,2.127567044035959896e+02,5.393911481730989665e-01
9.750000000000010394e-03,-7.857285998456920595e+01,-1.152499869840689968e+02,1.974308222494219933e+02,1.840687895807300078e+00
9.825000000000009073e-03,-4.017500335164640290e+01,-1.361442504810860044e+02,1.983866380349610097e+02,-1.349579416380729979e+00
9.900000000000009487e-03,-1.264687292612270042e+01,-1.710181524216239950e+02,2.035929100517290067e+02,-7.750821411138739681e-01
9.975000000000009900e-03,-3.069254426165310079e+00,-2.049941155695719885e+02,2.137686095176860022e+02,-1.849473484736950113e-01
1.004999999999999991e-02,6.827369476595609443e-01,-2.159482092981610037e+02,2.137440144115170142e+02,-1.386495675047149934e-01
1.012500000000000032e-02,5.407891546052779219e+00,-2.103995644133009648e+02,1.982207287261090016e+02,1.508849503777639933e+00
1.020000000000000073e-02,1.985520776675209831e+01,-2.014547891106849988e+02,1.565201104941330073e+02,3.047543444938309865e-01
1.027499999999999941e-02,5.295052076224720139e+01,-1.950152263102519896e+02,1.262750391292809979e+02,-1.680598699095759985e+00
1.034999999999999983e-02,8.952891815222959337e+01,-2.029249286467660056e+02,1.125451908864069992e+02,-2.931943382680299998e-02
1.042500000000000024e-02,1.049196080241519979e+02,-2.150699113059220053e+02,1.083114994986319886e+02,1.343060886011049893e-01
1.050000000000000065e-02,1.096871675058680040e+02,-2.144569435589299928e+02,1.032369759623040011e+02,6.434361432527370139e-01
1.057499999999999933e-02,1.137506907408969994e+02,-1.998761634315970070e+02,8.323948968352050315e+01,1.772638911440119980e+00
1.065000000000000148e-02,1.332879039158829926e+02,-1.978895014644529624e+02,4.430685714682010001e+01,-1.148821065009800080e+00
1.072500000000000016e-02,1.662176514247620105e+02,-2.027233560728680004e+02,1.457441131293649939e+01,-1.030413178410569897e+00
1.080000000000000057e-02,2.026406170000699944e+02,-2.131016042826130104e+02,3.380321974442899613e+00,-3.418201118268739958e-01
1.087499999999999925e-02,2.168452939691489973e+02,-2.165605823079310142e+02,-2.130834020053209987e-01,-7.073379514106390431e-01
1.094999999999999966e-02,2.110465801072330123e+02,-1.991205474957509978e+02,-4.426385423865010438e+00,1.373873046153319954e+00
1.102500000000000008e-02,2.018896801556680032e+02,-1.611577220591640014e+02,-1.699796105589980044e+01,8.707250830530479657e-01
1.110000000000000049e-02,1.979157541601040009e+02,-1.290920805546550127e+02,-4.905581653078969850e+01,-1.750294868209800070e+00
1.117499999999999917e-02,2.002741112587380030e+02,-1.130967495828519844e+02,-8.588360829780980055e+01,-1.251617426868439908e-01
1.124999999999999958e-02,2.139160839748039962e+02,-1.086364821954919933e+02,-1.034551345344359987e+02,2.585551702573610222e-01
